"manual semiquantification lung","ID","qPCR_swabs","Histopath_Lung","digital quantification lung","Time_Group","Vaccination_Status","qPCR Lung (RNA/ml)","Live virus (PFU/ml)"
"1",2,"ID_945b_15-20",8.05870792066001,8,1.1328500653572,"Early infection (0-4 dpi)","n",8.91467808533711,4.40226138245468
"2",0,"ID_945b_23-27",6.94912066056022,9,0,"Early infection (0-4 dpi)","n",8.73978105624692,2.37566361396089
"3",2,"ID_945b_7-11",7.43468640311544,5,0.781600072290496,"Early infection (0-4 dpi)","n",9.35847433220635,4.60205999132796
"4",4,"ID_945c_1-5",4.97763948600603,31,29.5503236039765,"Early infection (0-4 dpi)","n",8.19168037418747,0
"5",2,"L20_68_15_1",7.06384099186062,15,3.39477022481644,"Early infection (0-4 dpi)","n",10.499695620536,0
"6",4,"L22_05_7_1",NA,29,7.07960518116091,"Early infection (0-4 dpi)","n",NA,1.69897000433602
"7",3,"L22_05_8_1",NA,28,2.83729015302016,"Early infection (0-4 dpi)","n",NA,2.69897000433602
"8",0,"L21_19_05-8",6.54979261445857,10,0,"Early infection (0-4 dpi)","n",7.72164453952379,0
"9",2,"L21_19_14",8.19443610770258,21,1.6064236416951,"Early infection (0-4 dpi)","n",10.1199807521878,1.30102999566398
"10",2,"L21_18_10-14",7.2268314038377,8,0.482323699884764,"Early infection (0-4 dpi)","n",8.34736900195746,0.819543935541869
"11",1,"L21_18_20-24",7.4686006865421,6,0.02257711877092,"Early infection (0-4 dpi)","n",8.35575195233736,0
"12",4,"L21_60_13",8.20462326997774,30,59.2183174301085,"Early infection (0-4 dpi)","n",10.7712505458239,6.30102999566398
"13",0,"L22_07_14_1 7_21_1",5.73079704478973,3,0,"Early infection (0-4 dpi)","n",7.19009770190886,0
"14",2,"L22_07_3_1 7_7_1",4.85829899082234,21,0.961404361030166,"Early infection (0-4 dpi)","n",7.9015724236216,5.94200805302231
"15",4,"L21_17_01",5.27,9,36.4052122097707,"Resolution (8-15 dpi)","v",NA,3.74036268949424
"16",0,"L21_17_09",6.272853330289,11,0,"Resolution (8-15 dpi)","v",4.13146770784502,0
"17",0,"L21_17_12",5.00375898585282,26,0,"Resolution (8-15 dpi)","v",5.36826364739526,0
"18",0,"L21_17_18",7.1274997264129,14,0,"Peak of disease (5-7 dpi)","n",9.4945054908834,2.69897000433602
"19",3,"L21_17_2",5.35003257475853,13,2.65464650650778,"Resolution (8-15 dpi)","v",4.5931432853247,0
"20",4,"L21_17_5",4.66587984983791,16,1.97761291982403,"Resolution (8-15 dpi)","v",4.15794881573485,0
"21",2,"L21_68_13",NA,18,0.221042604726022,"Resolution (8-15 dpi)","v",NA,NA
"22",0,"L21_68_20",NA,16,0,"Resolution (8-15 dpi)","v",NA,NA
"23",1,"L21_69_02",7.27028541903284,4,0.0970597047579013,"Peak of disease (5-7 dpi)","v",7.84895483444123,NA
"24",1,"L21_69_06",6.52393448547144,15,0.214412141864349,"Peak of disease (5-7 dpi)","v",7.80287136558349,NA
"25",1,"L22_17_03",7.10212142364081,21,0.222397817120422,"Peak of disease (5-7 dpi)","v",5.82818852175052,NA
"26",1,"L22_18_09",6.48704954341023,20,0.110019555597587,"Peak of disease (5-7 dpi)","v",7.50319786011601,0
"27",3,"L22_18_10",7.26006079107043,24,11.4487456545543,"Peak of disease (5-7 dpi)","v",10.3566758556586,0
"28",4,"L22_18_11",7.98366636844579,21,12.8826009218341,"Peak of disease (5-7 dpi)","n",9.29339519253871,4.69897000433602
"29",2,"L22_18_12",8.27621567329776,20,0.198976522618436,"Peak of disease (5-7 dpi)","n",9.44831997283791,3.8750612633917
"30",4,"L22_18_13",8.02944924568772,18,3.78176390733847,"Peak of disease (5-7 dpi)","n",10.4359717063993,4.88930170250631
"31",4,"L22_18_15",6.95990748587605,15,3.98486757440276,"Peak of disease (5-7 dpi)","n",10.3243853564904,5.04139268515823
"32",0,"L22_35_04",4.79401923752182,18,0,"Resolution (8-15 dpi)","v",6.58967545555297,NA
"33",3,"L21_47_01",7.34587839348176,13,5.3253860567252,"Peak of disease (5-7 dpi)","n",10.5196776362569,4.57978359661681
"34",0,"L21_47_02",7.38079427053568,7,0,"Peak of disease (5-7 dpi)","n",9.76342799356294,3.6232492903979
"35",4,"L21_47_03",6.66568134553373,28,18.8078202633038,"Peak of disease (5-7 dpi)","n",10.1238516409671,4.55630250076729
"36",3,"L21_47_04",7.0219003392135,11,18.4485892998386,"Peak of disease (5-7 dpi)","n",10.2405492482826,4.30102999566398
"37",2,"L21_47_06",6.48100883410263,16,4.72525858451391,"Peak of disease (5-7 dpi)","n",9.26481782300954,3.36172783601759
"38",1,"L21_47_11",6.35799998628741,6,0.00643737392469821,"Peak of disease (5-7 dpi)","n",0,0
"39",3,"L21_47_13",7.2477786244722,24,6.84879576641563,"Peak of disease (5-7 dpi)","n",10.4216039268698,2.97772360528885
"40",3,"L21_47_14",6.65855502204502,31,10.0569548804449,"Peak of disease (5-7 dpi)","n",10.5237464668116,4.27875360095283
"41",3,"L21_47_15",6.70905522052463,17,12.9859421953113,"Peak of disease (5-7 dpi)","n",10.7581546219674,4.34242268082221
"42",2,"L21_47_16",7.10199112421429,16,4.57068700090046,"Peak of disease (5-7 dpi)","n",9.80071707828239,2.91907809237607
"43",3,"L21_47_17",6.56600982278079,19,5.86589363769816,"Peak of disease (5-7 dpi)","n",9.80071707828239,3.61278385671974
"44",0,"L21_47_18",6.41637452453214,7,0,"Peak of disease (5-7 dpi)","n",6.42693786402729,0
"45",3,"L21_47_19",7.15829360270147,14,6.96700440791158,"Peak of disease (5-7 dpi)","n",9.87157293554588,3.32221929473392
"46",0,"L21_47_20",7.01214568237788,7,0,"Peak of disease (5-7 dpi)","n",7.94469137945447,2.27875360095283
"47",4,"L21_70_01",NA,20,37.3493619996373,"Peak of disease (5-7 dpi)","n",12.5575072019057,3.41497334797082
"48",4,"L21_70_02",NA,16,23.4499139617204,"Peak of disease (5-7 dpi)","n",12.4902788115559,4.5910646070265
"49",0,"L21_70_03",NA,1,0,"Peak of disease (5-7 dpi)","n",8.62634036737504,3.70757017609794
"50",4,"L21_70_04",NA,23,24.8171960126049,"Peak of disease (5-7 dpi)","n",11.9867717342662,4.68124123737559
"51",2,"L21_70_05",NA,19,2.68719429011012,"Peak of disease (5-7 dpi)","n",10.4297522800024,2.41497334797082
"52",2,"L21_70_06",NA,0,1.17265263008169,"Peak of disease (5-7 dpi)","n",10.5611013836491,2.30102999566398
"53",2,"L21_70_07",NA,13,1.20028310211899,"Peak of disease (5-7 dpi)","n",9.65609820201283,2.81291335664286
"54",2,"L21_70_08",NA,8,1.02276214374659,"Peak of disease (5-7 dpi)","v",7.30914595729268,2.69897000433602
"55",4,"L21_70_09",NA,36,34.6178773595198,"Peak of disease (5-7 dpi)","n",12.5477747053878,2.63346845557959
"56",4,"L21_70_10",NA,29,17.0931960840043,"Peak of disease (5-7 dpi)","n",12.0138479958718,2.7481880270062
"57",3,"L21_70_11",NA,23,7.64772675428564,"Peak of disease (5-7 dpi)","n",11.0453229787867,2.77085201164214
"58",3,"L21_70_12",NA,33,14.7973261673476,"Peak of disease (5-7 dpi)","n",11.7462051407216,4.27875360095283
"59",3,"L21_70_13",NA,11,9.50222116941305,"Peak of disease (5-7 dpi)","n",12.0827853703165,3.04139268515822
"60",3,"L21_70_14",NA,27,13.2374621117604,"Peak of disease (5-7 dpi)","n",12.3404441148401,3.04139268515822
"61",3,"L21_70_15",NA,22,9.24661857039568,"Peak of disease (5-7 dpi)","n",9.67117284271508,3.39794000867204
"62",0,"L21_70_16",NA,0,0,"Peak of disease (5-7 dpi)","n",9.67024585307412,3.32221929473392
"63",1,"L21_107_01_1",7.00931455182559,1,0.193996011705942,"Peak of disease (5-7 dpi)","n",9.18092173451877,2.06069784035361
"64",4,"L21_107_04_1",7.46678164228791,9,54.3422622302657,"Peak of disease (5-7 dpi)","n",9.67527322193558,3.34242268082221
"65",4,"L21_107_05_1",8.23496268774164,25,63.2749638123673,"Peak of disease (5-7 dpi)","n",10.2787536009528,4.38916608436453
"66",0,"L21_107_06_1",7.85966441788159,4,0,"Peak of disease (5-7 dpi)","n",9.70842090013471,3.38916608436453
"67",3,"L21_107_12_1",6.96351715867303,16,42.6141022421551,"Peak of disease (5-7 dpi)","n",10.2585380156986,3.4983105537896
"68",3,"L21_107_13_1",9.19813424463073,16,44.9712429521653,"Peak of disease (5-7 dpi)","n",9.4700497621102,3.35218251811136
"69",0,"L21_107_14_1",5.7531519206658,2,0,"Peak of disease (5-7 dpi)","n",6.05915755865055,0
"70",3,"L21_107_17_1",7.69054142837458,26,40.8337818884271,"Peak of disease (5-7 dpi)","n",8.61702111122988,2.21748394421391
"71",2,"L21_107_18_1",7.27271489073961,24,9.98739718330523,"Peak of disease (5-7 dpi)","n",8.58997438554781,2.13033376849501
"72",1,"L21_112_01",NA,16,0.389650838768509,"Peak of disease (5-7 dpi)","v",NA,0
"73",0,"L21_112_02",2.30102999566398,0,0,"Resolution (8-15 dpi)","v",6.49510887193996,0
"74",0,"L21_112_03",2.30102999566398,5,0,"Peak of disease (5-7 dpi)","v",7.98347343935644,0
"75",2,"L21_112_04",NA,7,6.09761634989252,"Peak of disease (5-7 dpi)","v",NA,0
"76",1,"L21_112_05",7.57890784280749,17,0.00683457341367183,"Peak of disease (5-7 dpi)","v",7.96504222808623,0
"77",3,"L21_112_06",NA,17,5.86417779912499,"Peak of disease (5-7 dpi)","v",NA,0
"78",0,"L21_112_07",6.79740030870729,11,0,"Peak of disease (5-7 dpi)","v",7.96504222808623,0
"79",2,"L21_112_08",NA,13,3.38547524438833,"Peak of disease (5-7 dpi)","v",NA,0
"80",1,"L21_112_09",2.30102999566398,5,0.0145504532832925,"Resolution (8-15 dpi)","v",6.07635978276811,0
"81",2,"L21_112_10",8.55036107090806,16,0.424453914056191,"Peak of disease (5-7 dpi)","v",11.0061436097166,NA
"82",1,"L21_112_11",2.30102999566398,3,0.016788598217596,"Peak of disease (5-7 dpi)","v",6.28263642134561,0
"83",3,"L21_112_12",8.02658181037885,6,6.08473522235192,"Peak of disease (5-7 dpi)","v",10.308934885532,NA
"84",0,"L21_112_13",2.30102999566398,10,0,"Peak of disease (5-7 dpi)","v",7.49443108309279,0
"85",3,"L21_112_14",8.488164601109,15,4.58938537898576,"Peak of disease (5-7 dpi)","v",11.0877811271427,NA
"86",1,"L21_112_15",NA,0,0.00561886528894954,"Peak of disease (5-7 dpi)","v",NA,0
"87",0,"L21_112_17",2.30102999566398,6,0,"Resolution (8-15 dpi)","v",6.50950704116159,0
"88",1,"L21_112_18",2.30102999566398,5,0.0537285132969547,"Resolution (8-15 dpi)","v",5.75368638010561,0
"89",0,"L21_112_19",2.30102999566398,5,0,"Resolution (8-15 dpi)","v",6.45670289403283,0
"90",3,"L21_112_20",NA,15,3.23942168656504,"Peak of disease (5-7 dpi)","v",NA,0
"91",2,"L21_112_21",NA,25,1.5103441997311,"Peak of disease (5-7 dpi)","v",NA,0
"92",1,"L21_112_22",NA,17,0.00970837175778209,"Peak of disease (5-7 dpi)","v",NA,0
"93",0,"L21_112_23",2.30102999566398,5,0,"Peak of disease (5-7 dpi)","v",7.7345581072481,0
"94",0,"L21_112_25",7.00933505538901,1,0,"Peak of disease (5-7 dpi)","v",8.79319390707719,0
"95",4,"L21_112_29",9.2749618758128,25,57.6219420671154,"Peak of disease (5-7 dpi)","n",11.6465026974676,4.14612803567824
"96",4,"L21_112_30",8.55036107090806,41,13.2234526721632,"Peak of disease (5-7 dpi)","n",11.0061436097166,3.11394335230684
"97",4,"L21_112_31",8.55036107090806,29,50.2438626773829,"Peak of disease (5-7 dpi)","n",11.8108744265395,2.35218251811136
"98",0,"L21_112_32",8.02658181037885,8,0,"Peak of disease (5-7 dpi)","n",10.308934885532,2.35218251811136
"99",4,"L21_112_36",8.488164601109,11,24.8284160313347,"Peak of disease (5-7 dpi)","n",11.0877811271427,2.32221929473392
"100",3,"L22_09_07",6.210229,12,17.2337418053748,"Early infection (0-4 dpi)","n",11.9548702220074,4.74036268949424
"101",4,"L22_09_08",4.587804,12,46.8250957785031,"Peak of disease (5-7 dpi)","n",11.3369423657072,2.66275783168157
"102",2,"L22_09_13",5.877809,0,8.29375375842815,"Early infection (0-4 dpi)","v",10.9056045391877,5.56229286445647
"103",0,"L22_09_17",0,15,0,"Resolution (8-15 dpi)","v",7.31402148284106,0
"104",2,"L22_09_22",5.835086,9,2.29890407260459,"Early infection (0-4 dpi)","v",10.4953767518369,3.39794000867204
"105",0,"L22_09_26",0,14,0,"Resolution (8-15 dpi)","v",7.50945542526724,0
"106",2,"L22_09_30",6.00974,4,4.09358967326281,"Early infection (0-4 dpi)","v",10.9046693725795,2.90308998699194
"107",0,"L22_9_19_1",0,10,0,"Resolution (8-15 dpi)","v",7.42669300550726,0
"108",0,"L22_45_01",4.96441794670857,2,0,"Resolution (8-15 dpi)","v",0,0
"109",0,"L22_45_02",9.20666432080924,2,0,"Resolution (8-15 dpi)","v",7.05690485133647,0
"110",0,"L22_45_03",7.77349242901216,5,0,"Resolution (8-15 dpi)","v",6.96941591235398,0
"111",0,"L22_45_04",0,6,0,"Resolution (8-15 dpi)","v",7.35024801833416,0
"112",0,"L22_45_05",0,7,0,"Resolution (8-15 dpi)","v",7.28735377271475,0
"113",0,"L22_45_06",0,6,0,"Resolution (8-15 dpi)","v",7.47129171105894,0
"114",0,"L22_45_07",7.02094139094242,8,0,"Peak of disease (5-7 dpi)","v",7.48000694295715,0
"115",0,"L22_45_25",0,3,0,"Resolution (8-15 dpi)","v",8.19200959265367,0
"116",0,"L22_45_26",0,3,0,"Resolution (8-15 dpi)","v",6.21537315278342,0
"117",0,"L22_45_27",0,12,0,"Resolution (8-15 dpi)","v",6.3096301674259,0
"118",0,"L22_45_28",0,5,0,"Resolution (8-15 dpi)","v",8.2513948500401,0
"119",0,"L22_45_31",0,0,0,"Resolution (8-15 dpi)","v",0,0
"120",0,"L22_45_32",0,3,0,"Resolution (8-15 dpi)","v",6.63948648926859,0
"121",0,"L22_45_36",0,11,0,"Peak of disease (5-7 dpi)","v",7.55870857053317,0
"122",0,"L22_45_38",0,0,0,"Peak of disease (5-7 dpi)","n",0,0
"123",0,"L22_45_41",8.34635297445064,3,0,"Resolution (8-15 dpi)","n",9.33693083785406,2.31175386105575
"124",4,"L22_45_42",7.99287796877519,23,43.4178551802295,"Resolution (8-15 dpi)","n",10.0475306012625,3.90308998699194
"125",0,"L22_45_43",6.15695509049526,0,0,"Resolution (8-15 dpi)","n",9.42094438443906,3.33243845991561
"126",4,"L22_70_01",7.74698678383771,13,28.0861525727979,"Peak of disease (5-7 dpi)","n",10.301029995664,4.49136169383427
"127",3,"L22_70_02",7.90032845014256,23,22.1440127471622,"Peak of disease (5-7 dpi)","n",10.4653828514484,4.49136169383427
"128",4,"L22_70_03",7.49097289633899,28,30.7058829924994,"Peak of disease (5-7 dpi)","n",10.1311168253323,5.15836249209525
"129",4,"L22_70_04",7.14162038469055,15,34.8281943061889,"Peak of disease (5-7 dpi)","n",10.4828735836088,4.15836249209525
"130",4,"L22_70_05",7.36163228072011,27,12.8077794273794,"Peak of disease (5-7 dpi)","n",10.8034571156484,4.49136169383427
"131",3,"L22_70_07",7.33096420720103,43,4.33626201739896,"Peak of disease (5-7 dpi)","n",10.2671242445089,3.82412583391655
"132",1,"L22_70_08",5.36152310289044,1,0.0037983121543329,"Peak of disease (5-7 dpi)","n",5.00417041946862,0
"133",0,"L22_70_09",5.00417041946862,13,0,"Peak of disease (5-7 dpi)","v",7.2562932959258,0
"134",0,"L22_70_10",4.96683501733758,12,0,"Peak of disease (5-7 dpi)","v",6.0908963598941,0
"135",0,"L22_70_17",2.53870264584674,14,0,"Peak of disease (5-7 dpi)","v",7.0682830289057,0
"136",0,"L22_70_18",5.50686449566722,8,0,"Peak of disease (5-7 dpi)","v",5.66420633461386,0
"137",0,"L22_70_19",4.38947016128837,22,0,"Peak of disease (5-7 dpi)","v",6.79360140453379,0
"138",1,"L22_70_20",5.324187764662,17,0.028749122718335,"Peak of disease (5-7 dpi)","v",7.45897095728848,0
"139",0,"L22_70_21",3.93611213604439,7,0,"Peak of disease (5-7 dpi)","v",6.66959466577919,0
"140",1,"L22_70_22",4.31213248549116,13,0.0139423371803958,"Peak of disease (5-7 dpi)","v",6.82160286728053,0
"141",0,"L22_70_23_1",5.7002084083057,9,0,"Peak of disease (5-7 dpi)","v",6.37491177123997,0
"142",1,"L22_70_26",0,12,0.00979135118200472,"Peak of disease (5-7 dpi)","v",0,0
"143",1,"L22_70_27",7.8603262654856,5,0.0045845544003742,"Peak of disease (5-7 dpi)","v",6.46291674474894,0
"144",1,"L22_70_28",4.78415836680808,11,0.00670872816993915,"Peak of disease (5-7 dpi)","v",7.3176300772135,0
"145",0,"L22_70_34",2.08401114885597,16,0,"Peak of disease (5-7 dpi)","v",4.19345948841989,0
"146",0,"L22_70_35",3.5774258464082,4,0,"Peak of disease (5-7 dpi)","v",5.4855300676754,0
"147",1,"L22_70_36",3.59476016371219,13,0.0177722326689455,"Peak of disease (5-7 dpi)","v",5.05083964053367,0
"148",0,"L22_70_39",2.44403073579718,15,0,"Peak of disease (5-7 dpi)","v",6.89227340611834,0
"149",0,"L22_70_40",3.64942988674854,20,0,"Peak of disease (5-7 dpi)","v",6.63092575682662,0
"150",0,"L22_70_43",3.62276177982921,9,0,"Peak of disease (5-7 dpi)","v",5.8828850291684,0
"151",1,"L22_70_45",3.38008165786062,14,0.00186778282708787,"Peak of disease (5-7 dpi)","v",4.24279552057496,0
"152",1,"L22_70_47",3.49342124245521,16,0.00378558040582092,"Peak of disease (5-7 dpi)","v",6.43091508320177,0
"153",1,"L22_70_50",0,28,0.00304015801321107,"Peak of disease (5-7 dpi)","v",5.92288721164156,0
"154",0,"L22_70_53",3.17473727876249,17,0,"Peak of disease (5-7 dpi)","v",5.46552888072406,0
"155",0,"L22_70_54",0,1,0,"Peak of disease (5-7 dpi)","v",6.08022909163718,0
"156",1,"L22_70_56",0,13,0.00596143724336986,"Peak of disease (5-7 dpi)","v",6.01889247761966,0
"157",1,"L22_70_57",3.02139556064138,14,0.0425839551855193,"Peak of disease (5-7 dpi)","v",6.02955965162834,0
"158",1,"L22_70_60",6.01755901845596,5,0.00394315101583877,"Peak of disease (5-7 dpi)","v",6.66692774619822,0
"159",0,"L22_70_62",3.69476555120831,2,0,"Peak of disease (5-7 dpi)","v",5.1801800295142,0
"160",1,"L22_70_63",5.12951059595792,6,0.0188924592714425,"Peak of disease (5-7 dpi)","v",4.46280753911901,0
"161",0,"L22_70_64",4.93883352463607,10,0,"Peak of disease (5-7 dpi)","v",6.48158421695353,0
"162",1,"L22_70_66",3.53209007563309,13,0.00921790657343116,"Peak of disease (5-7 dpi)","v",6.81893615620492,0
"163",1,"L22_111_01",0,4,0.00518177645569744,"Peak of disease (5-7 dpi)","v",0,0
"164",0,"L22_111_02",0,6,0,"Peak of disease (5-7 dpi)","v",0,0
"165",0,"L22_111_03",0,0,0,"Peak of disease (5-7 dpi)","v",0,0
"166",1,"L22_111_04",0,2,0.00492364944371775,"Peak of disease (5-7 dpi)","v",0,0
"167",1,"L22_111_05",0,13,0.0171952721111427,"Peak of disease (5-7 dpi)","v",0,0
"168",0,"L22_111_06",0,0,0,"Peak of disease (5-7 dpi)","v",0,0
"169",0,"L22_111_07",0,0,0,"Peak of disease (5-7 dpi)","v",0,0
"170",1,"L22_111_08",0,9,0.00601447446775028,"Peak of disease (5-7 dpi)","v",0,0
"171",1,"L22_111_09",0,6,0.0091927644677277,"Peak of disease (5-7 dpi)","v",0,0
"172",1,"L22_111_10",0,6,0.0026449401029142,"Peak of disease (5-7 dpi)","v",0,0
"173",0,"L22_111_11",0,6,0,"Peak of disease (5-7 dpi)","v",0,0
"174",1,"L22_111_13",0,10,0.029511815077988,"Peak of disease (5-7 dpi)","v",0,0
"175",0,"L22_111_14",0,6,0,"Peak of disease (5-7 dpi)","v",0,0
"176",4,"L22_111_15",5.91876434520282,30,37.0323371766911,"Peak of disease (5-7 dpi)","n",9.79649322495826,4.15757730816779
"177",4,"L22_111_16",7.13247185268722,33,40.0359682304766,"Peak of disease (5-7 dpi)","n",9.65177466748993,4.49091064801198
"178",0,"L22_111_17",6.45435207535724,7,0,"Peak of disease (5-7 dpi)","n",8.18045041338157,NA
"179",0,"L22_20_02",5.32505320968238,3,0,"Early infection (0-4 dpi)","v",0,0
"180",1,"L22_20_06",3.22831051308114,4,0.12340882672295,"Peak of disease (5-7 dpi)","v",0,0
"181",3,"L22_20_09",5.33658780181566,21,10.4122255076776,"Peak of disease (5-7 dpi)","n",4.94559747563571,4.44870631990508
"182",0,"L22_20_14",6.03967818511212,1,0,"Early infection (0-4 dpi)","n",4.0692802401107,3.19865708695442
"183",2,"L22_20_19",6.59869171267637,8,0.68874633840388,"Early infection (0-4 dpi)","v",7.28109527822073,4.19865708695442
"184",1,"L22_20_23",4.49103290655341,13,0.0223211751294723,"Peak of disease (5-7 dpi)","v",7.28109527822073,0
"185",3,"L22_20_26",6.76545247116644,16,21.2031626338558,"Early infection (0-4 dpi)","n",8.63447727016073,6.94890176097021
"186",3,"L22_20_30",5.16297431365278,26,15.7371337013461,"Peak of disease (5-7 dpi)","n",8.63447727016073,4.19865708695442
"187",1,"L22_20_34",3.79744939386949,7,0.0173947676463906,"Peak of disease (5-7 dpi)","v",7.4480268674002,1.44870631990508
"188",1,"L22_20_38",3.69010770540511,7,0.298676029127555,"Early infection (0-4 dpi)","v",7.4480268674002,2.69897000433602
"189",1,"L22_20_41",3.02569082366974,1,0.517140452117597,"Early infection (0-4 dpi)","n",8.47856649559384,2.19865708695442
"190",2,"L22_20_48",3.57002112290279,16,1.21260193606578,"Peak of disease (5-7 dpi)","n",7.5217939745778,1.19865708695442
"191",0,"L22_21_03",8.83094647740889,6,0,"Peak of disease (5-7 dpi)","v",8.16196661636407,0
"192",3,"L22_21_10",8.95445111370304,38,9.77599732254546,"Peak of disease (5-7 dpi)","n",9.89762709129044,4.69897000433602
"193",3,"L22_21_6",8.05214667086112,33,0.434944545226066,"Peak of disease (5-7 dpi)","n",9.74036268949424,3.69897000433602
"194",0,"L24_80_06",NA,1,0,"Early infection (0-4 dpi)","n",6.44140222801629,3.19897000433602
"195",2,"L24_80_07",NA,8,0.62068653208318,"Early infection (0-4 dpi)","n",10.9709913846155,6.44897000433602
"196",2,"L24_80_08",NA,33,0.334996936160618,"Early infection (0-4 dpi)","n",10.5020984544776,6.94897000433602
"197",0,"L24_80_09",NA,3,0,"Early infection (0-4 dpi)","n",7.69447816200555,3.69897000433602
"198",0,"L24_80_10",NA,3,0,"Early infection (0-4 dpi)","n",6.37072926691097,4.19897000433602
"199",2,"L24_80_11",NA,34,1.71286138996608,"Early infection (0-4 dpi)","n",11.0969509426003,7.94897000433602
"200",2,"L24_80_12",NA,27,0.504010464656008,"Early infection (0-4 dpi)","n",10.1315217838848,6.94897000433602
"201",2,"L24_80_13",NA,32,0.816366138230535,"Early infection (0-4 dpi)","n",10.9764678871366,8.19897000433602
"202",2,"L24_80_14",NA,34,0.4727462218692,"Early infection (0-4 dpi)","n",10.4222979891705,5.19897000433602
"203",1,"L24_80_15",NA,37,0.220918009714762,"Early infection (0-4 dpi)","n",9.09124709071449,4.44897000433602
"204",1,"L24_80_16",NA,37,0.326288289710376,"Early infection (0-4 dpi)","n",8.52638497354056,6.94897000433602
"205",0,"L24_80_17",NA,2,0,"Early infection (0-4 dpi)","n",9.97400713994521,4.94897000433602
"206",2,"L24_80_18",NA,22,1.42150540208549,"Early infection (0-4 dpi)","n",10.9483030170282,7.69897000433602
"207",1,"L24_80_19",NA,35,0.155753027401783,"Early infection (0-4 dpi)","n",10.5847675639625,6.94897000433602
"208",1,"L24_80_20",NA,33,0.287496675799153,"Early infection (0-4 dpi)","n",10.3401504513544,6.94897000433602
"209",2,"L24_80_21",NA,0,1.01269914484183,"Early infection (0-4 dpi)","n",10.9451735870162,7.69897000433602
"210",0,"L24_80_22",NA,1,0,"Early infection (0-4 dpi)","n",10.008691655912,5.94897000433602
"211",2,"L24_80_23",NA,13,0.346104027103076,"Early infection (0-4 dpi)","n",7.75445890390306,5.44897000433602
"212",1,"L24_80_24",NA,28,0.0944180537173054,"Early infection (0-4 dpi)","n",10.9034478535223,6.94897000433602
"213",2,"L24_80_25",NA,35,0.471136108412993,"Early infection (0-4 dpi)","n",10.3774428256645,5.19897000433602
"214",3,"L22_29_9_1",6.79035286314279,32,4.2974737514205,"Peak of disease (5-7 dpi)","n",9.37724418302754,3.5854607295085
"215",2,"L22_109_05",NA,31,2.45461674911159,"Early infection (0-4 dpi)","v",NA,NA
"216",0,"L22_109_08",NA,3,0,"Early infection (0-4 dpi)","v",NA,NA
"217",0,"L22_109_12",NA,24,0,"Peak of disease (5-7 dpi)","v",NA,NA
"218",4,"L22_109_16",NA,33,15.4115302228888,"Early infection (0-4 dpi)","v",NA,NA
"219",0,"L22_109_18",NA,4,0,"Early infection (0-4 dpi)","v",NA,NA
"220",0,"L22_109_24",NA,37,0,"Peak of disease (5-7 dpi)","v",NA,NA
"221",3,"L22_131_01",NA,33,6.5114294075267,"Peak of disease (5-7 dpi)","n",NA,NA
"222",3,"L22_131_02",NA,25,8.49136337532005,"Peak of disease (5-7 dpi)","n",NA,NA
"223",2,"L22_131_03",NA,27,4.21636919100082,"Peak of disease (5-7 dpi)","n",NA,NA
"224",3,"L22_131_04",NA,31,8.3117371757235,"Peak of disease (5-7 dpi)","n",NA,NA
"225",3,"L22_131_05",NA,23,13.8207227448825,"Peak of disease (5-7 dpi)","n",NA,NA
"226",3,"L22_131_06",NA,29,7.43960907807162,"Peak of disease (5-7 dpi)","n",NA,NA
"227",3,"L22_131_08",NA,30,5.34150896909333,"Peak of disease (5-7 dpi)","n",NA,NA
"228",2,"L22_131_09",NA,31,1.62660587597384,"Peak of disease (5-7 dpi)","n",NA,NA
"229",3,"L22_131_10",NA,27,2.94017850667935,"Peak of disease (5-7 dpi)","n",NA,NA
"230",3,"L22_131_7_1",NA,36,7.78493134103648,"Peak of disease (5-7 dpi)","n",NA,NA
"231",4,"L22_131_8_1",NA,NA,6.1545742735387,"Peak of disease (5-7 dpi)","n",NA,NA
"232",3,"L22_131_9_1",NA,NA,1.85227283892843,"Peak of disease (5-7 dpi)","n",NA,NA
"233",3,"L22_75_05",NA,23,5.99394539835462,"Early infection (0-4 dpi)","n",NA,NA
"234",2,"L22_75_06",NA,14,1.83751034734972,"Early infection (0-4 dpi)","n",NA,NA
"235",3,"L22_75_07",NA,22,3.56259169749797,"Early infection (0-4 dpi)","n",NA,NA
"236",2,"L22_75_08",NA,8,0.145277399308321,"Early infection (0-4 dpi)","n",NA,NA
"237",4,"L22_75_09",NA,26,17.4901615553646,"Peak of disease (5-7 dpi)","n",NA,NA
"238",4,"L22_75_10",NA,27,20.180441933056,"Peak of disease (5-7 dpi)","n",NA,NA
"239",4,"L22_75_11",NA,39,19.790137351695,"Peak of disease (5-7 dpi)","n",NA,NA
"240",4,"L22_75_12",NA,29,13.0886993922244,"Peak of disease (5-7 dpi)","n",NA,NA
"241",2,"L22_75_13",NA,15,0.733768076765408,"Early infection (0-4 dpi)","n",NA,NA
"242",3,"L22_75_14",NA,0,2.7017321737265,"Early infection (0-4 dpi)","n",NA,NA
"243",2,"L22_75_15",NA,10,0.389985019005125,"Early infection (0-4 dpi)","n",NA,NA
"244",1,"L22_75_16",NA,2,0.0120080494260455,"Early infection (0-4 dpi)","n",NA,NA
"245",2,"L22_75_17",NA,16,0.986731039728185,"Peak of disease (5-7 dpi)","n",NA,NA
"246",3,"L22_75_18",NA,28,6.43547479405994,"Peak of disease (5-7 dpi)","n",NA,NA
"247",3,"L22_75_19",NA,22,4.11685448688424,"Peak of disease (5-7 dpi)","n",NA,NA
"248",3,"L22_75_20",NA,21,4.88494976109737,"Peak of disease (5-7 dpi)","n",NA,NA
